"id","区分","チャンク","チャンク日本語訳","例文番号","英文","例文日本語訳","音声ファイル"
"001-01","日常","Can I …?","…してもいい？","1","Can I use your phone for a minute, please?","携帯を少し借りてもいいですか？","chunk-audio/001-01.mp3"
"001-02","日常","Can I …?","…してもいい？","2","Can I sit here, or are you waiting for someone?","ここに座ってもいいですか、それとも誰かを待っていますか？","chunk-audio/001-02.mp3"
"001-03","ビジネス","Can I …?","…してもいい？","3","Can I ask a quick question before we begin?","始める前に簡単な質問をしてもいいですか？","chunk-audio/001-03.mp3"
"002-01","日常","Could I …?","…してもよろしいですか？","1","Could I have some water, please?","お水をいただけますか？","chunk-audio/002-01.mp3"
"002-02","日常","Could I …?","…してもよろしいですか？","2","Could I leave a little early today?","今日は少し早めに帰ってもよろしいですか？","chunk-audio/002-02.mp3"
"002-03","ビジネス","Could I …?","…してもよろしいですか？","3","Could I join the meeting remotely, if possible?","可能であれば、会議にオンラインで参加してもよろしいですか？","chunk-audio/002-03.mp3"
"003-01","日常","Can you …?","…してくれる？","1","Can you help me carry this, please?","これを運ぶのを手伝ってくれますか？","chunk-audio/003-01.mp3"
"003-02","日常","Can you …?","…してくれる？","2","Can you text me when you get home?","家に着いたらメッセージを送ってくれますか？","chunk-audio/003-02.mp3"
"003-03","ビジネス","Can you …?","…してくれる？","3","Can you send me the link again? I can’t find it.","リンクをもう一度送ってくれますか？見つかりません。","chunk-audio/003-03.mp3"
"004-01","日常","Could you …?","…していただけますか？","1","Could you speak a little more slowly?","もう少しゆっくり話していただけますか？","chunk-audio/004-01.mp3"
"004-02","ビジネス","Could you …?","…していただけますか？","2","Could you check this document for me?","この書類を確認していただけますか？","chunk-audio/004-02.mp3"
"004-03","ビジネス","Could you …?","…していただけますか？","3","Could you let me know by Friday, if possible?","可能であれば、金曜日までに知らせていただけますか？","chunk-audio/004-03.mp3"
"005-01","日常","Would you …?","…していただけますか？","1","Would you like to come with us?","私たちと一緒に来ませんか？","chunk-audio/005-01.mp3"
"005-02","ビジネス","Would you …?","…していただけますか？","2","Would you review the proposal before the meeting?","会議の前に提案書を確認していただけますか？","chunk-audio/005-02.mp3"
"005-03","ビジネス","Would you …?","…していただけますか？","3","Would you mind sharing your screen for a moment?","少しの間、画面を共有していただけますか？","chunk-audio/005-03.mp3"
"006-01","日常","Would you like …?","…はいかがですか？","1","Would you like some coffee?","コーヒーはいかがですか？","chunk-audio/006-01.mp3"
"006-02","日常","Would you like …?","…はいかがですか？","2","Would you like a seat by the window?","窓側の席はいかがですか？","chunk-audio/006-02.mp3"
"006-03","ビジネス","Would you like …?","…はいかがですか？","3","Would you like a copy of the presentation?","プレゼン資料のコピーはいかがですか？","chunk-audio/006-03.mp3"
"007-01","日常","Would you like to …?","…しませんか？","1","Would you like to have lunch together?","一緒に昼食を食べませんか？","chunk-audio/007-01.mp3"
"007-02","日常","Would you like to …?","…しませんか？","2","Would you like to try this new restaurant?","この新しいレストランを試してみませんか？","chunk-audio/007-02.mp3"
"007-03","ビジネス","Would you like to …?","…しませんか？","3","Would you like to schedule a short call this week?","今週、短い打ち合わせを設定しませんか？","chunk-audio/007-03.mp3"
"008-01","日常","Do you mind if I …?","私が…しても構いませんか？","1","Do you mind if I open the window?","窓を開けてもいいですか？","chunk-audio/008-01.mp3"
"008-02","日常","Do you mind if I …?","私が…しても構いませんか？","2","Do you mind if I borrow this chair for a minute?","この椅子を少し借りてもいいですか？","chunk-audio/008-02.mp3"
"008-03","ビジネス","Do you mind if I …?","私が…しても構いませんか？","3","Do you mind if I record the meeting for reference?","記録用に会議を録音してもいいですか？","chunk-audio/008-03.mp3"
"009-01","日常","Do you want me to …?","私が…しましょうか？","1","Do you want me to pick you up after work?","仕事の後、迎えに行きましょうか？","chunk-audio/009-01.mp3"
"009-02","日常","Do you want me to …?","私が…しましょうか？","2","Do you want me to order food for everyone?","みんなの分の食事を注文しましょうか？","chunk-audio/009-02.mp3"
"009-03","ビジネス","Do you want me to …?","私が…しましょうか？","3","Do you want me to prepare the first draft?","最初の草案を作成しましょうか？","chunk-audio/009-03.mp3"
"010-01","日常","May I …?","…してもよろしいでしょうか？","1","May I have your name, please?","お名前を伺ってもよろしいですか？","chunk-audio/010-01.mp3"
"010-02","ビジネス","May I …?","…してもよろしいでしょうか？","2","May I introduce myself first?","まず自己紹介をしてもよろしいですか？","chunk-audio/010-02.mp3"
"010-03","ビジネス","May I …?","…してもよろしいでしょうか？","3","May I add one point to the discussion?","議論に一点追加してもよろしいですか？","chunk-audio/010-03.mp3"
"011-01","日常","I’d like …","…をお願いします","1","I’d like a table for two, please.","2名用のテーブルをお願いします。","chunk-audio/011-01.mp3"
"011-02","日常","I’d like …","…をお願いします","2","I’d like the chicken, please.","チキンをお願いします。","chunk-audio/011-02.mp3"
"011-03","ビジネス","I’d like …","…をお願いします","3","I’d like a little more information about the role.","その職務について、もう少し詳しい情報を伺いたいです。","chunk-audio/011-03.mp3"
"012-01","日常","I’d like to …","…したいです","1","I’d like to make a reservation for tonight.","今夜の予約をしたいです。","chunk-audio/012-01.mp3"
"012-02","ビジネス","I’d like to …","…したいです","2","I’d like to confirm the delivery date.","配達日を確認したいです。","chunk-audio/012-02.mp3"
"012-03","ビジネス","I’d like to …","…したいです","3","I’d like to discuss this in more detail, if possible.","可能であれば、これについてもう少し詳しく話し合いたいです。","chunk-audio/012-03.mp3"
"013-01","日常","I want to …","…したい","1","I want to try something different today.","今日は何か違うことを試したいです。","chunk-audio/013-01.mp3"
"013-02","日常","I want to …","…したい","2","I want to spend more time with my family.","家族と過ごす時間をもっと増やしたいです。","chunk-audio/013-02.mp3"
"013-03","ビジネス","I want to …","…したい","3","I want to make sure we understand the problem.","私たちが問題を理解していることを確認したいです。","chunk-audio/013-03.mp3"
"014-01","日常","I need to …","…する必要がある","1","I need to buy groceries after work.","仕事の後、食料品を買う必要があります。","chunk-audio/014-01.mp3"
"014-02","日常","I need to …","…する必要がある","2","I need to call my doctor later.","後で医師に電話する必要があります。","chunk-audio/014-02.mp3"
"014-03","ビジネス","I need to …","…する必要がある","3","I need to finish this report by Friday.","この報告書を金曜日までに仕上げる必要があります。","chunk-audio/014-03.mp3"
"015-01","日常","I have to …","…しなければならない","1","I have to leave soon, unfortunately.","残念ですが、もうすぐ出なければなりません。","chunk-audio/015-01.mp3"
"015-02","日常","I have to …","…しなければならない","2","I have to clean the kitchen tonight.","今夜、キッチンを掃除しなければなりません。","chunk-audio/015-02.mp3"
"015-03","ビジネス","I have to …","…しなければならない","3","I have to join another meeting at three.","3時から別の会議に参加しなければなりません。","chunk-audio/015-03.mp3"
"016-01","日常","I’m going to …","…する予定です","1","I’m going to visit my parents this weekend.","今週末、両親を訪ねるつもりです。","chunk-audio/016-01.mp3"
"016-02","日常","I’m going to …","…する予定です","2","I’m going to cook dinner for now.","ひとまず夕食を作るつもりです。","chunk-audio/016-02.mp3"
"016-03","ビジネス","I’m going to …","…する予定です","3","I’m going to send the updated file this afternoon.","今日の午後、更新したファイルを送るつもりです。","chunk-audio/016-03.mp3"
"017-01","日常","I’m gonna …","…するつもり","1","I’m gonna grab some lunch. Want anything?","昼食を買ってくるよ。何かいる？","chunk-audio/017-01.mp3"
"017-02","日常","I’m gonna …","…するつもり","2","I’m gonna stay home tonight, I think.","今夜は家にいるつもりかな。","chunk-audio/017-02.mp3"
"017-03","日常","I’m gonna …","…するつもり","3","I’m gonna call you when I arrive.","着いたら電話するね。","chunk-audio/017-03.mp3"
"018-01","日常","I’m about to …","まさに…するところ","1","I’m about to leave the house now.","今、家を出るところです。","chunk-audio/018-01.mp3"
"018-02","日常","I’m about to …","まさに…するところ","2","I’m about to start cooking dinner.","今から夕食を作り始めるところです。","chunk-audio/018-02.mp3"
"018-03","ビジネス","I’m about to …","まさに…するところ","3","I’m about to join the call, so I’ll message you later.","これから通話に参加するので、後でメッセージします。","chunk-audio/018-03.mp3"
"019-01","日常","I’m trying to …","…しようとしている","1","I’m trying to eat healthier these days.","最近、もっと健康的な食事をするようにしています。","chunk-audio/019-01.mp3"
"019-02","日常","I’m trying to …","…しようとしている","2","I’m trying to find my keys, actually.","実は、鍵を探しているところです。","chunk-audio/019-02.mp3"
"019-03","ビジネス","I’m trying to …","…しようとしている","3","I’m trying to understand the customer’s request.","お客様の要望を理解しようとしています。","chunk-audio/019-03.mp3"
"020-01","日常","I’m thinking of …","…しようと考えている","1","I’m thinking of taking a day off next week.","来週、1日休みを取ろうかと考えています。","chunk-audio/020-01.mp3"
"020-02","日常","I’m thinking of …","…しようと考えている","2","I’m thinking of buying a new laptop.","新しいノートパソコンを買おうかと考えています。","chunk-audio/020-02.mp3"
"020-03","ビジネス","I’m thinking of …","…しようと考えている","3","I’m thinking of suggesting a different approach.","別の方法を提案しようかと考えています。","chunk-audio/020-03.mp3"
"021-01","日常","I’m looking for …","…を探しています","1","I’m looking for a quiet place to work.","静かに仕事ができる場所を探しています。","chunk-audio/021-01.mp3"
"021-02","日常","I’m looking for …","…を探しています","2","I’m looking for my glasses. Have you seen them?","眼鏡を探しています。見かけませんでしたか？","chunk-audio/021-02.mp3"
"021-03","ビジネス","I’m looking for …","…を探しています","3","I’m looking for the latest version of the file.","ファイルの最新版を探しています。","chunk-audio/021-03.mp3"
"022-01","日常","I’m looking forward to …","…を楽しみにしています","1","I’m looking forward to seeing you this weekend.","今週末、あなたに会えるのを楽しみにしています。","chunk-audio/022-01.mp3"
"022-02","日常","I’m looking forward to …","…を楽しみにしています","2","I’m looking forward to trying the new restaurant.","新しいレストランを試すのを楽しみにしています。","chunk-audio/022-02.mp3"
"022-03","ビジネス","I’m looking forward to …","…を楽しみにしています","3","I’m looking forward to working with you.","一緒に仕事ができるのを楽しみにしています。","chunk-audio/022-03.mp3"
"023-01","日常","I’m interested in …","…に興味があります","1","I’m interested in learning how to cook.","料理の仕方を学ぶことに興味があります。","chunk-audio/023-01.mp3"
"023-02","日常","I’m interested in …","…に興味があります","2","I’m interested in that book, actually.","実は、その本に興味があります。","chunk-audio/023-02.mp3"
"023-03","ビジネス","I’m interested in …","…に興味があります","3","I’m interested in hearing more about the project.","このプロジェクトについてもっと詳しく伺いたいです。","chunk-audio/023-03.mp3"
"024-01","日常","I’m worried about …","…を心配しています","1","I’m worried about the weather tomorrow.","明日の天気が心配です。","chunk-audio/024-01.mp3"
"024-02","日常","I’m worried about …","…を心配しています","2","I’m worried about getting there on time.","時間どおりに着けるか心配です。","chunk-audio/024-02.mp3"
"024-03","ビジネス","I’m worried about …","…を心配しています","3","I’m worried about the deadline, to be honest.","正直なところ、締め切りが心配です。","chunk-audio/024-03.mp3"
"025-01","日常","I’m not sure if …","…かどうか分かりません","1","I’m not sure if the store is open today.","その店が今日開いているかどうか分かりません。","chunk-audio/025-01.mp3"
"025-02","日常","I’m not sure if …","…かどうか分かりません","2","I’m not sure if I can make it tonight.","今夜行けるかどうか分かりません。","chunk-audio/025-02.mp3"
"025-03","ビジネス","I’m not sure if …","…かどうか分かりません","3","I’m not sure if this is the final version.","これが最終版かどうか分かりません。","chunk-audio/025-03.mp3"
"026-01","日常","I’m afraid …","残念ですが／心配ですが…","1","I’m afraid I can’t come tonight.","申し訳ありませんが、今夜は行けません。","chunk-audio/026-01.mp3"
"026-02","日常","I’m afraid …","残念ですが／心配ですが…","2","I’m afraid the restaurant is fully booked.","申し訳ありませんが、そのレストランは満席です。","chunk-audio/026-02.mp3"
"026-03","ビジネス","I’m afraid …","残念ですが／心配ですが…","3","I’m afraid we need more time to review it.","申し訳ありませんが、確認にはもう少し時間が必要です。","chunk-audio/026-03.mp3"
"027-01","日常","I’m sorry, but …","申し訳ないのですが…","1","I’m sorry, but I’m running a little late.","すみません、少し遅れています。","chunk-audio/027-01.mp3"
"027-02","日常","I’m sorry, but …","申し訳ないのですが…","2","I’m sorry, but I forgot your name.","すみません、お名前を忘れてしまいました。","chunk-audio/027-02.mp3"
"027-03","ビジネス","I’m sorry, but …","申し訳ないのですが…","3","I’m sorry, but I need to reschedule our meeting.","申し訳ありませんが、会議の日程を変更する必要があります。","chunk-audio/027-03.mp3"
"028-01","日常","I mean …","つまり／というか","1","It was nice. I mean, the food was great.","よかったです。つまり、料理がとてもおいしかったです。","chunk-audio/028-01.mp3"
"028-02","日常","I mean …","つまり／というか","2","I mean, we could go tomorrow instead.","つまり、代わりに明日行くこともできます。","chunk-audio/028-02.mp3"
"028-03","ビジネス","I mean …","つまり／というか","3","I mean, the plan needs a little more detail.","つまり、その計画にはもう少し詳細が必要です。","chunk-audio/028-03.mp3"
"029-01","日常","I guess …","…かなと思います","1","I guess he’s still at work.","彼はまだ仕事中だと思います。","chunk-audio/029-01.mp3"
"029-02","日常","I guess …","…かなと思います","2","I guess we should leave now.","もう出たほうがよさそうです。","chunk-audio/029-02.mp3"
"029-03","ビジネス","I guess …","…かなと思います","3","I guess this is the best option for now.","今のところ、これが最善の選択肢だと思います。","chunk-audio/029-03.mp3"
"030-01","日常","I suppose …","…だと思います","1","I suppose we can take a taxi.","タクシーに乗ってもよさそうです。","chunk-audio/030-01.mp3"
"030-02","日常","I suppose …","…だと思います","2","I suppose it will rain later.","後で雨が降りそうですね。","chunk-audio/030-02.mp3"
"030-03","ビジネス","I suppose …","…だと思います","3","I suppose we need approval before we proceed.","進める前に承認が必要だと思います。","chunk-audio/030-03.mp3"
"031-01","日常","I think …","…だと思います","1","I think this one looks better.","こちらのほうがよさそうだと思います。","chunk-audio/031-01.mp3"
"031-02","日常","I think …","…だと思います","2","I think I left my wallet at home.","財布を家に置いてきたと思います。","chunk-audio/031-02.mp3"
"031-03","ビジネス","I think …","…だと思います","3","I think we should discuss this first.","まずこれについて話し合うべきだと思います。","chunk-audio/031-03.mp3"
"032-01","日常","I don’t think …","…ではないと思います","1","I don’t think he knows about it.","彼はそのことを知らないと思います。","chunk-audio/032-01.mp3"
"032-02","日常","I don’t think …","…ではないと思います","2","I don’t think it’s going to rain.","雨は降らないと思います。","chunk-audio/032-02.mp3"
"032-03","ビジネス","I don’t think …","…ではないと思います","3","I don’t think this deadline is realistic.","この締め切りは現実的ではないと思います。","chunk-audio/032-03.mp3"
"033-01","日常","In my opinion, …","私の意見では…","1","In my opinion, this movie is worth watching.","私の意見では、この映画は見る価値があります。","chunk-audio/033-01.mp3"
"033-02","日常","In my opinion, …","私の意見では…","2","In my opinion, it’s a little too expensive.","私の意見では、少し高すぎます。","chunk-audio/033-02.mp3"
"033-03","ビジネス","In my opinion, …","私の意見では…","3","In my opinion, we should focus on quality first.","私の意見では、品質を最優先すべきです。","chunk-audio/033-03.mp3"
"034-01","日常","To be honest, …","正直に言うと…","1","To be honest, I’m a little tired.","正直に言うと、少し疲れています。","chunk-audio/034-01.mp3"
"034-02","日常","To be honest, …","正直に言うと…","2","To be honest, I don’t really like spicy food.","正直に言うと、辛い食べ物はあまり好きではありません。","chunk-audio/034-02.mp3"
"034-03","ビジネス","To be honest, …","正直に言うと…","3","To be honest, I need more time to decide.","正直に言うと、決めるのにもう少し時間が必要です。","chunk-audio/034-03.mp3"
"035-01","日常","As far as I know, …","私の知る限り…","1","As far as I know, the shop closes at eight.","私の知る限り、その店は8時に閉まります。","chunk-audio/035-01.mp3"
"035-02","日常","As far as I know, …","私の知る限り…","2","As far as I know, she lives nearby.","私の知る限り、彼女は近くに住んでいます。","chunk-audio/035-02.mp3"
"035-03","ビジネス","As far as I know, …","私の知る限り…","3","As far as I know, the client approved the plan.","私の知る限り、クライアントは計画を承認しました。","chunk-audio/035-03.mp3"
"036-01","日常","If you ask me, …","私に言わせれば…","1","If you ask me, this color looks best.","私に言わせれば、この色が一番よく見えます。","chunk-audio/036-01.mp3"
"036-02","日常","If you ask me, …","私に言わせれば…","2","If you ask me, we should take the train.","私に言わせれば、電車で行ったほうがいいです。","chunk-audio/036-02.mp3"
"036-03","ビジネス","If you ask me, …","私に言わせれば…","3","If you ask me, the simpler plan is better.","私に言わせれば、シンプルな計画のほうがよいです。","chunk-audio/036-03.mp3"
"037-01","日常","The thing is, …","実は…","1","The thing is, I don’t have enough cash.","問題は、現金が足りないことです。","chunk-audio/037-01.mp3"
"037-02","日常","The thing is, …","実は…","2","The thing is, I already made plans tonight.","問題は、今夜すでに予定があることです。","chunk-audio/037-02.mp3"
"037-03","ビジネス","The thing is, …","実は…","3","The thing is, we haven’t received the data yet.","問題は、まだデータを受け取っていないことです。","chunk-audio/037-03.mp3"
"038-01","日常","It depends.","場合によります","1","It depends on the weather, actually.","実際、天気次第です。","chunk-audio/038-01.mp3"
"038-02","日常","It depends.","場合によります","2","It depends on how much time we have.","どのくらい時間があるかによります。","chunk-audio/038-02.mp3"
"038-03","ビジネス","It depends.","場合によります","3","It depends on the client’s budget.","クライアントの予算次第です。","chunk-audio/038-03.mp3"
"039-01","日常","That makes sense.","なるほど、もっともです","1","That makes sense. I didn’t think of that.","なるほど。そこには気づきませんでした。","chunk-audio/039-01.mp3"
"039-02","日常","That makes sense.","なるほど、もっともです","2","That makes sense. Let’s do it your way.","なるほど。あなたのやり方で進めましょう。","chunk-audio/039-02.mp3"
"039-03","ビジネス","That makes sense.","なるほど、もっともです","3","That makes sense. We should check the data first.","なるほど。まずデータを確認すべきですね。","chunk-audio/039-03.mp3"
"040-01","日常","I see what you mean.","言いたいことは分かります","1","I see what you mean, but I still prefer this one.","言いたいことは分かりますが、それでもこちらのほうが好きです。","chunk-audio/040-01.mp3"
"040-02","日常","I see what you mean.","言いたいことは分かります","2","I see what you mean. It could be confusing.","言いたいことは分かります。混乱を招くかもしれません。","chunk-audio/040-02.mp3"
"040-03","ビジネス","I see what you mean.","言いたいことは分かります","3","I see what you mean, especially from the customer’s view.","言いたいことは分かります。特にお客様の視点ではそうですね。","chunk-audio/040-03.mp3"
"041-01","日常","How about …?","…はどう？","1","How about lunch around noon?","正午ごろに昼食はどうですか？","chunk-audio/041-01.mp3"
"041-02","日常","How about …?","…はどう？","2","How about taking a short break first?","まず少し休憩するのはどうですか？","chunk-audio/041-02.mp3"
"041-03","ビジネス","How about …?","…はどう？","3","How about meeting online instead?","代わりにオンラインで会うのはどうですか？","chunk-audio/041-03.mp3"
"042-01","日常","What about …?","…はどう？","1","What about Saturday afternoon?","土曜日の午後はどうですか？","chunk-audio/042-01.mp3"
"042-02","日常","What about …?","…はどう？","2","What about your brother? Is he coming?","あなたのお兄さんか弟さんはどうですか？来ますか？","chunk-audio/042-02.mp3"
"042-03","ビジネス","What about …?","…はどう？","3","What about sending a short summary first?","まず短い要約を送るのはどうですか？","chunk-audio/042-03.mp3"
"043-01","日常","Why don’t we …?","…しない？","1","Why don’t we get coffee after lunch?","昼食の後、コーヒーを飲みに行きませんか？","chunk-audio/043-01.mp3"
"043-02","日常","Why don’t we …?","…しない？","2","Why don’t we watch a movie tonight?","今夜映画を見ませんか？","chunk-audio/043-02.mp3"
"043-03","ビジネス","Why don’t we …?","…しない？","3","Why don’t we discuss this tomorrow morning?","明日の朝、これについて話し合いませんか？","chunk-audio/043-03.mp3"
"044-01","日常","Why not …?","…したらどう？","1","Why not try it once?","一度試してみたらどうですか？","chunk-audio/044-01.mp3"
"044-02","日常","Why not …?","…したらどう？","2","Why not ask her directly?","彼女に直接聞いてみたらどうですか？","chunk-audio/044-02.mp3"
"044-03","ビジネス","Why not …?","…したらどう？","3","Why not add that point to the agenda?","その点を議題に加えたらどうですか？","chunk-audio/044-03.mp3"
"045-01","日常","Let’s …","…しよう","1","Let’s meet at the station at six.","6時に駅で会いましょう。","chunk-audio/045-01.mp3"
"045-02","日常","Let’s …","…しよう","2","Let’s take a break for now.","ひとまず休憩しましょう。","chunk-audio/045-02.mp3"
"045-03","ビジネス","Let’s …","…しよう","3","Let’s go over the schedule once more.","もう一度スケジュールを確認しましょう。","chunk-audio/045-03.mp3"
"046-01","日常","Let me …","私に…させて","1","Let me check the map first.","まず地図を確認させてください。","chunk-audio/046-01.mp3"
"046-02","日常","Let me …","私に…させて","2","Let me help you with that.","それを手伝わせてください。","chunk-audio/046-02.mp3"
"046-03","ビジネス","Let me …","私に…させて","3","Let me confirm the details and get back to you.","詳細を確認して、改めてご連絡します。","chunk-audio/046-03.mp3"
"047-01","日常","What if …?","もし…だったら？","1","What if it rains tomorrow?","明日雨が降ったらどうしますか？","chunk-audio/047-01.mp3"
"047-02","日常","What if …?","もし…だったら？","2","What if we miss the last train?","終電に乗り遅れたらどうしますか？","chunk-audio/047-02.mp3"
"047-03","ビジネス","What if …?","もし…だったら？","3","What if the client asks for more changes?","クライアントからさらに変更を求められたらどうしますか？","chunk-audio/047-03.mp3"
"048-01","日常","Are you going to …?","…する予定？","1","Are you going to the party tonight?","今夜のパーティーに行く予定ですか？","chunk-audio/048-01.mp3"
"048-02","日常","Are you going to …?","…する予定？","2","Are you going to cook dinner?","夕食を作る予定ですか？","chunk-audio/048-02.mp3"
"048-03","ビジネス","Are you going to …?","…する予定？","3","Are you going to attend the conference next week?","来週のカンファレンスに参加する予定ですか？","chunk-audio/048-03.mp3"
"049-01","日常","Have you ever …?","…したことある？","1","Have you ever been to Kyoto?","京都に行ったことがありますか？","chunk-audio/049-01.mp3"
"049-02","日常","Have you ever …?","…したことある？","2","Have you ever tried Thai food?","タイ料理を食べたことがありますか？","chunk-audio/049-02.mp3"
"049-03","ビジネス","Have you ever …?","…したことある？","3","Have you ever worked with this tool before?","以前このツールを使ったことがありますか？","chunk-audio/049-03.mp3"
"050-01","日常","Do you happen to know …?","もしかして…を知っていますか？","1","Do you happen to know where the restroom is?","もしかして、トイレがどこにあるかご存じですか？","chunk-audio/050-01.mp3"
"050-02","日常","Do you happen to know …?","もしかして…を知っていますか？","2","Do you happen to know what time it starts?","もしかして、何時に始まるかご存じですか？","chunk-audio/050-02.mp3"
"050-03","ビジネス","Do you happen to know …?","もしかして…を知っていますか？","3","Do you happen to know who owns this task?","もしかして、このタスクの担当者をご存じですか？","chunk-audio/050-03.mp3"
"051-01","日常","What do you think?","どう思う？","1","I like this jacket. What do you think?","このジャケットが好きです。どう思いますか？","chunk-audio/051-01.mp3"
"051-02","日常","What do you think?","どう思う？","2","We could leave early. What do you think?","早めに出ることもできます。どう思いますか？","chunk-audio/051-02.mp3"
"051-03","ビジネス","What do you think?","どう思う？","3","This is the latest draft. What do you think?","これが最新の草案です。どう思いますか？","chunk-audio/051-03.mp3"
"052-01","日常","How was …?","…はどうだった？","1","How was your trip?","旅行はどうでしたか？","chunk-audio/052-01.mp3"
"052-02","日常","How was …?","…はどうだった？","2","How was the movie, by the way?","ところで、映画はどうでしたか？","chunk-audio/052-02.mp3"
"052-03","ビジネス","How was …?","…はどうだった？","3","How was the meeting with the client?","クライアントとの会議はどうでしたか？","chunk-audio/052-03.mp3"
"053-01","日常","What happened?","何があったの？","1","You look upset. What happened?","動揺しているようですね。何があったのですか？","chunk-audio/053-01.mp3"
"053-02","日常","What happened?","何があったの？","2","What happened? You’re late today.","何があったの？今日は遅いですね。","chunk-audio/053-02.mp3"
"053-03","ビジネス","What happened?","何があったの？","3","What happened with the delivery?","配送はどうなりましたか？","chunk-audio/053-03.mp3"
"054-01","日常","What’s going on?","どうしたの？","1","What’s going on? Everyone is so quiet.","どうしたのですか？みんなとても静かですね。","chunk-audio/054-01.mp3"
"054-02","日常","What’s going on?","どうしたの？","2","What’s going on? Is everything okay?","どうしたのですか？大丈夫ですか？","chunk-audio/054-02.mp3"
"054-03","ビジネス","What’s going on?","どうしたの？","3","What’s going on with the website right now?","今、ウェブサイトはどうなっていますか？","chunk-audio/054-03.mp3"
"055-01","日常","Are you okay?","大丈夫？","1","You seem tired. Are you okay?","疲れているようですね。大丈夫ですか？","chunk-audio/055-01.mp3"
"055-02","日常","Are you okay?","大丈夫？","2","Are you okay? That looked painful.","大丈夫ですか？痛そうでした。","chunk-audio/055-02.mp3"
"055-03","ビジネス","Are you okay?","大丈夫？","3","Are you okay with moving the deadline?","締め切りを変更しても大丈夫ですか？","chunk-audio/055-03.mp3"
"056-01","日常","Is everything okay?","すべて大丈夫ですか？","1","Is everything okay? You seem worried.","大丈夫ですか？心配そうですね。","chunk-audio/056-01.mp3"
"056-02","日常","Is everything okay?","すべて大丈夫ですか？","2","Is everything okay with your order?","ご注文に問題はありませんか？","chunk-audio/056-02.mp3"
"056-03","ビジネス","Is everything okay?","すべて大丈夫ですか？","3","Is everything okay with the new system?","新しいシステムに問題はありませんか？","chunk-audio/056-03.mp3"
"057-01","日常","That sounds great.","それはいいですね","1","That sounds great. I’d love to join.","それはいいですね。ぜひ参加したいです。","chunk-audio/057-01.mp3"
"057-02","日常","That sounds great.","それはいいですね","2","That sounds great. What time should we meet?","それはいいですね。何時に会いましょうか？","chunk-audio/057-02.mp3"
"057-03","ビジネス","That sounds great.","それはいいですね","3","That sounds great. Let’s move forward with it.","それはいいですね。それで進めましょう。","chunk-audio/057-03.mp3"
"058-01","日常","That works for me.","それで大丈夫です","1","Six o’clock? That works for me.","6時ですか？私は大丈夫です。","chunk-audio/058-01.mp3"
"058-02","日常","That works for me.","それで大丈夫です","2","Meeting near the station works for me.","駅の近くで会うので大丈夫です。","chunk-audio/058-02.mp3"
"058-03","ビジネス","That works for me.","それで大丈夫です","3","Friday afternoon works for me, if it works for you.","あなたの都合もよければ、金曜の午後で大丈夫です。","chunk-audio/058-03.mp3"
"059-01","日常","That’s up to you.","あなたに任せます","1","Pizza or pasta? That’s up to you.","ピザとパスタのどちらにする？あなたに任せます。","chunk-audio/059-01.mp3"
"059-02","日常","That’s up to you.","あなたに任せます","2","We can leave now, but that’s up to you.","今出発してもいいですが、あなたに任せます。","chunk-audio/059-02.mp3"
"059-03","ビジネス","That’s up to you.","あなたに任せます","3","The final design choice is up to you.","最終的なデザインの選択はあなたにお任せします。","chunk-audio/059-03.mp3"
"060-01","日常","It doesn’t matter.","どちらでも構いません","1","Either seat is fine. It doesn’t matter.","どちらの席でも大丈夫です。どちらでも構いません。","chunk-audio/060-01.mp3"
"060-02","日常","It doesn’t matter.","どちらでも構いません","2","Tea or coffee? It doesn’t matter to me.","紅茶かコーヒー？私はどちらでも構いません。","chunk-audio/060-02.mp3"
"060-03","ビジネス","It doesn’t matter.","どちらでも構いません","3","The format doesn’t matter as long as it’s clear.","明確であれば、形式は問いません。","chunk-audio/060-03.mp3"
"061-01","日常","No problem.","問題ないです","1","Can you wait five minutes? No problem.","5分待ってもらえますか？—問題ありません。","chunk-audio/061-01.mp3"
"061-02","日常","No problem.","問題ないです","2","Thanks for helping. No problem.","手伝ってくれてありがとう。—どういたしまして。","chunk-audio/061-02.mp3"
"061-03","ビジネス","No problem.","問題ないです","3","I can revise it today. No problem.","今日中に修正できます。—問題ありません。","chunk-audio/061-03.mp3"
"062-01","日常","No worries.","気にしないで","1","Sorry I’m late. No worries.","遅れてすみません。—気にしないで。","chunk-audio/062-01.mp3"
"062-02","日常","No worries.","気にしないで","2","I forgot to call you. No worries.","電話するのを忘れました。—気にしないで。","chunk-audio/062-02.mp3"
"062-03","ビジネス","No worries.","気にしないで","3","Thanks for the late reply. No worries.","返信が遅くなってすみません。—お気になさらず。","chunk-audio/062-03.mp3"
"063-01","日常","Never mind.","気にしないで／やっぱりいいです","1","Never mind, I found my keys.","もう大丈夫です。鍵が見つかりました。","chunk-audio/063-01.mp3"
"063-02","日常","Never mind.","気にしないで／やっぱりいいです","2","Can you help me? Oh, never mind.","手伝ってくれる？あ、やっぱり大丈夫。","chunk-audio/063-02.mp3"
"063-03","ビジネス","Never mind.","気にしないで／やっぱりいいです","3","Never mind; I received the file already.","もう大丈夫です。すでにファイルを受け取りました。","chunk-audio/063-03.mp3"
"064-01","日常","Take your time.","ごゆっくりどうぞ","1","Take your time. I’m not in a hurry.","ゆっくりで大丈夫です。急いでいません。","chunk-audio/064-01.mp3"
"064-02","日常","Take your time.","ごゆっくりどうぞ","2","Take your time choosing your meal.","ゆっくり料理を選んでください。","chunk-audio/064-02.mp3"
"064-03","ビジネス","Take your time.","ごゆっくりどうぞ","3","Take your time reviewing it, if possible.","可能であれば、時間をかけて確認してください。","chunk-audio/064-03.mp3"
"065-01","日常","Go ahead.","どうぞ","1","Is this seat free? — Go ahead.","この席は空いていますか？—どうぞ。","chunk-audio/065-01.mp3"
"065-02","日常","Go ahead.","どうぞ","2","You can start first. Go ahead.","先に始めてください。どうぞ。","chunk-audio/065-02.mp3"
"065-03","ビジネス","Go ahead.","どうぞ","3","If you have a question, please go ahead.","質問があれば、どうぞお話しください。","chunk-audio/065-03.mp3"
"066-01","日常","Sounds good.","いいですね","1","Let’s meet at seven. Sounds good.","7時に会いましょう。—いいですね。","chunk-audio/066-01.mp3"
"066-02","日常","Sounds good.","いいですね","2","I’ll bring dessert. Sounds good.","デザートを持って行きます。—いいですね。","chunk-audio/066-02.mp3"
"066-03","ビジネス","Sounds good.","いいですね","3","I’ll send the notes after the call. Sounds good.","通話の後、メモを送ります。—いいですね。","chunk-audio/066-03.mp3"
"067-01","日常","I’ll get back to you.","また連絡します","1","I need to check my schedule. I’ll get back to you.","予定を確認する必要があります。後ほどご連絡します。","chunk-audio/067-01.mp3"
"067-02","日常","I’ll get back to you.","また連絡します","2","Let me ask my family, and I’ll get back to you.","家族に聞いてから、ご連絡します。","chunk-audio/067-02.mp3"
"067-03","ビジネス","I’ll get back to you.","また連絡します","3","I’ll check with my team and get back to you tomorrow.","チームに確認して、明日ご連絡します。","chunk-audio/067-03.mp3"
"068-01","日常","I’ll let you know.","分かったら知らせます","1","I’ll let you know when I get home.","家に着いたら知らせます。","chunk-audio/068-01.mp3"
"068-02","日常","I’ll let you know.","分かったら知らせます","2","I’ll let you know if my plans change.","予定が変わったら知らせます。","chunk-audio/068-02.mp3"
"068-03","ビジネス","I’ll let you know.","分かったら知らせます","3","I’ll let you know as soon as I have an update.","最新情報が入り次第、お知らせします。","chunk-audio/068-03.mp3"
"069-01","日常","If I were you, …","私があなたなら…します","1","If I were you, I’d take the earlier train.","私なら、もっと早い電車に乗ります。","chunk-audio/069-01.mp3"
"069-02","日常","If I were you, …","私があなたなら…します","2","If I were you, I’d ask her directly.","私なら、彼女に直接聞きます。","chunk-audio/069-02.mp3"
"069-03","ビジネス","If I were you, …","私があなたなら…します","3","If I were you, I’d confirm the deadline first.","私なら、まず締め切りを確認します。","chunk-audio/069-03.mp3"
"070-01","日常","I used to …","以前はよく…していた","1","I used to live near this station.","以前、この駅の近くに住んでいました。","chunk-audio/070-01.mp3"
"070-02","日常","I used to …","以前はよく…していた","2","I used to play tennis every weekend.","以前は毎週末テニスをしていました。","chunk-audio/070-02.mp3"
"070-03","ビジネス","I used to …","以前はよく…していた","3","I used to work in sales, actually.","実は、以前は営業の仕事をしていました。","chunk-audio/070-03.mp3"
"071-01","ビジネス","I’m writing to …","…のためにご連絡しています","1","I’m writing to ask about your services.","サービスについて伺いたく、ご連絡しました。","chunk-audio/071-01.mp3"
"071-02","ビジネス","I’m writing to …","…のためにご連絡しています","2","I’m writing to confirm our meeting time.","会議の時間を確認するため、ご連絡しました。","chunk-audio/071-02.mp3"
"071-03","ビジネス","I’m writing to …","…のためにご連絡しています","3","I’m writing to share an update on the project.","プロジェクトの進捗を共有するため、ご連絡しました。","chunk-audio/071-03.mp3"
"072-01","ビジネス","I’m reaching out to …","…についてご連絡しています","1","I’m reaching out to discuss the next steps.","次のステップについて話し合うため、ご連絡しました。","chunk-audio/072-01.mp3"
"072-02","ビジネス","I’m reaching out to …","…についてご連絡しています","2","I’m reaching out to request your feedback.","ご意見をお願いしたく、ご連絡しました。","chunk-audio/072-02.mp3"
"072-03","ビジネス","I’m reaching out to …","…についてご連絡しています","3","I’m reaching out to see if you are available next week.","来週ご都合がよいか伺いたく、ご連絡しました。","chunk-audio/072-03.mp3"
"073-01","ビジネス","I’d like to ask about …","…について伺いたいです","1","I’d like to ask about the delivery schedule.","配送スケジュールについて伺いたいです。","chunk-audio/073-01.mp3"
"073-02","ビジネス","I’d like to ask about …","…について伺いたいです","2","I’d like to ask about the pricing options.","料金プランについて伺いたいです。","chunk-audio/073-02.mp3"
"073-03","ビジネス","I’d like to ask about …","…について伺いたいです","3","I’d like to ask about your availability next month.","来月のご都合について伺いたいです。","chunk-audio/073-03.mp3"
"074-01","ビジネス","I’d like to discuss …","…について話し合いたいです","1","I’d like to discuss the budget for this project.","このプロジェクトの予算について話し合いたいです。","chunk-audio/074-01.mp3"
"074-02","ビジネス","I’d like to discuss …","…について話し合いたいです","2","I’d like to discuss a possible timeline change.","スケジュール変更の可能性について話し合いたいです。","chunk-audio/074-02.mp3"
"074-03","ビジネス","I’d like to discuss …","…について話し合いたいです","3","I’d like to discuss this in more detail tomorrow.","明日、これについてさらに詳しく話し合いたいです。","chunk-audio/074-03.mp3"
"075-01","ビジネス","I’d like to confirm …","…を確認したいです","1","I’d like to confirm the meeting location.","会議の場所を確認したいです。","chunk-audio/075-01.mp3"
"075-02","ビジネス","I’d like to confirm …","…を確認したいです","2","I’d like to confirm that you received my email.","私のメールを受け取ったか確認したいです。","chunk-audio/075-02.mp3"
"075-03","ビジネス","I’d like to confirm …","…を確認したいです","3","I’d like to confirm the final number of attendees.","最終的な参加者数を確認したいです。","chunk-audio/075-03.mp3"
"076-01","ビジネス","I’d like to follow up on …","…についてフォローアップします","1","I’d like to follow up on my previous email.","前回のメールについて、改めて確認したいです。","chunk-audio/076-01.mp3"
"076-02","ビジネス","I’d like to follow up on …","…についてフォローアップします","2","I’d like to follow up on the invoice status.","請求書の状況について確認したいです。","chunk-audio/076-02.mp3"
"076-03","ビジネス","I’d like to follow up on …","…についてフォローアップします","3","I’d like to follow up on the feedback from last week.","先週のフィードバックについて確認したいです。","chunk-audio/076-03.mp3"
"077-01","ビジネス","I was wondering if …","…していただけないかと思いまして","1","I was wondering if you could send the file again.","ファイルをもう一度送っていただけないかと思いまして。","chunk-audio/077-01.mp3"
"077-02","ビジネス","I was wondering if …","…していただけないかと思いまして","2","I was wondering if we could move the meeting.","会議を変更できないかと思いまして。","chunk-audio/077-02.mp3"
"077-03","ビジネス","I was wondering if …","…していただけないかと思いまして","3","I was wondering if you had any updates.","何か進展があったかと思いまして。","chunk-audio/077-03.mp3"
"078-01","ビジネス","I was hoping you could …","…していただければと思っていました","1","I was hoping you could review this by Friday.","金曜日までにこれを確認していただければと思っていました。","chunk-audio/078-01.mp3"
"078-02","ビジネス","I was hoping you could …","…していただければと思っていました","2","I was hoping you could introduce me to the team.","チームに紹介していただければと思っていました。","chunk-audio/078-02.mp3"
"078-03","ビジネス","I was hoping you could …","…していただければと思っていました","3","I was hoping you could clarify one point for me.","一点、明確にしていただければと思っていました。","chunk-audio/078-03.mp3"
"079-01","ビジネス","Could you please …?","…していただけますか？","1","Could you please send the agenda in advance?","事前に議題を送っていただけますか？","chunk-audio/079-01.mp3"
"079-02","ビジネス","Could you please …?","…していただけますか？","2","Could you please confirm the address?","住所を確認していただけますか？","chunk-audio/079-02.mp3"
"079-03","ビジネス","Could you please …?","…していただけますか？","3","Could you please keep me updated on the progress?","進捗状況を随時知らせていただけますか？","chunk-audio/079-03.mp3"
"080-01","ビジネス","Would you mind …ing?","…していただけますか？","1","Would you mind sharing the latest figures?","最新の数値を共有していただけますか？","chunk-audio/080-01.mp3"
"080-02","ビジネス","Would you mind …ing?","…していただけますか？","2","Would you mind checking the attachment?","添付ファイルを確認していただけますか？","chunk-audio/080-02.mp3"
"080-03","ビジネス","Would you mind …ing?","…していただけますか？","3","Would you mind moving the meeting to Thursday?","会議を木曜日に変更していただけますか？","chunk-audio/080-03.mp3"
"081-01","ビジネス","Would it be possible to …?","…することは可能でしょうか？","1","Would it be possible to extend the deadline?","締め切りを延長することは可能でしょうか？","chunk-audio/081-01.mp3"
"081-02","ビジネス","Would it be possible to …?","…することは可能でしょうか？","2","Would it be possible to meet earlier in the day?","もっと早い時間に会うことは可能でしょうか？","chunk-audio/081-02.mp3"
"081-03","ビジネス","Would it be possible to …?","…することは可能でしょうか？","3","Would it be possible to receive your feedback today?","本日中にご意見をいただくことは可能でしょうか？","chunk-audio/081-03.mp3"
"082-01","ビジネス","I’d appreciate it if …","…していただけると幸いです","1","I’d appreciate it if you could reply by Friday.","金曜日までにご返信いただけると幸いです。","chunk-audio/082-01.mp3"
"082-02","ビジネス","I’d appreciate it if …","…していただけると幸いです","2","I’d appreciate it if you would review the proposal.","提案書をご確認いただけると幸いです。","chunk-audio/082-02.mp3"
"082-03","ビジネス","I’d appreciate it if …","…していただけると幸いです","3","I’d appreciate it if you could keep this confidential.","これは内密にしていただけると幸いです。","chunk-audio/082-03.mp3"
"083-01","ビジネス","Please let me know …","…をお知らせください","1","Please let me know if you have any questions.","ご質問があればお知らせください。","chunk-audio/083-01.mp3"
"083-02","ビジネス","Please let me know …","…をお知らせください","2","Please let me know which option you prefer.","どの案がよいかお知らせください。","chunk-audio/083-02.mp3"
"083-03","ビジネス","Please let me know …","…をお知らせください","3","Please let me know your availability at your convenience.","ご都合のよいときに空いている日時をお知らせください。","chunk-audio/083-03.mp3"
"084-01","ビジネス","Please feel free to …","どうぞご遠慮なく…してください","1","Please feel free to contact me with questions.","ご質問があれば、どうぞお気軽にご連絡ください。","chunk-audio/084-01.mp3"
"084-02","ビジネス","Please feel free to …","どうぞご遠慮なく…してください","2","Please feel free to share your feedback.","どうぞお気軽にご意見をお聞かせください。","chunk-audio/084-02.mp3"
"084-03","ビジネス","Please feel free to …","どうぞご遠慮なく…してください","3","Please feel free to use this document for reference.","参考資料として、この文書をご自由にお使いください。","chunk-audio/084-03.mp3"
"085-01","ビジネス","Could you clarify …?","…を明確にしていただけますか？","1","Could you clarify what you mean by this?","これが何を意味するのか、明確にしていただけますか？","chunk-audio/085-01.mp3"
"085-02","ビジネス","Could you clarify …?","…を明確にしていただけますか？","2","Could you clarify the expected delivery date?","配送予定日を明確にしていただけますか？","chunk-audio/085-02.mp3"
"085-03","ビジネス","Could you clarify …?","…を明確にしていただけますか？","3","Could you clarify who is responsible for approval?","承認の担当者を明確にしていただけますか？","chunk-audio/085-03.mp3"
"086-01","ビジネス","Could you elaborate on …?","…を詳しく説明いただけますか？","1","Could you elaborate on the main issue?","主な問題について詳しく説明していただけますか？","chunk-audio/086-01.mp3"
"086-02","ビジネス","Could you elaborate on …?","…を詳しく説明いただけますか？","2","Could you elaborate on your proposal?","ご提案について詳しく説明していただけますか？","chunk-audio/086-02.mp3"
"086-03","ビジネス","Could you elaborate on …?","…を詳しく説明いただけますか？","3","Could you elaborate on how this process works?","この手順の仕組みについて詳しく説明していただけますか？","chunk-audio/086-03.mp3"
"087-01","ビジネス","Just to confirm, …","確認ですが…","1","Just to confirm, the meeting starts at ten, right?","念のため確認ですが、会議は10時開始ですよね？","chunk-audio/087-01.mp3"
"087-02","ビジネス","Just to confirm, …","確認ですが…","2","Just to confirm, you need the file by Friday.","念のため確認ですが、ファイルは金曜日までに必要ですね。","chunk-audio/087-02.mp3"
"087-03","ビジネス","Just to confirm, …","確認ですが…","3","Just to confirm, this is the final version.","念のため確認ですが、これが最終版ですね。","chunk-audio/087-03.mp3"
"088-01","ビジネス","For your reference, …","ご参考までに…","1","For your reference, I’ve attached last year’s report.","ご参考までに、昨年の報告書を添付しました。","chunk-audio/088-01.mp3"
"088-02","ビジネス","For your reference, …","ご参考までに…","2","For your reference, the deadline is June 15.","ご参考までに、締め切りは6月15日です。","chunk-audio/088-02.mp3"
"088-03","ビジネス","For your reference, …","ご参考までに…","3","For your reference, these figures are from last month.","ご参考までに、これらの数値は先月のものです。","chunk-audio/088-03.mp3"
"089-01","ビジネス","As discussed, …","ご相談のとおり…","1","As discussed, I’ve updated the proposal.","お話ししたとおり、提案書を更新しました。","chunk-audio/089-01.mp3"
"089-02","ビジネス","As discussed, …","ご相談のとおり…","2","As discussed, we’ll meet again next Tuesday.","お話ししたとおり、次の火曜日に再度会います。","chunk-audio/089-02.mp3"
"089-03","ビジネス","As discussed, …","ご相談のとおり…","3","As discussed, the team will handle the first step.","お話ししたとおり、チームが最初の工程を担当します。","chunk-audio/089-03.mp3"
"090-01","ビジネス","Regarding …","…に関して","1","Regarding your question, I’ll check and reply soon.","ご質問については、確認して近日中に回答します。","chunk-audio/090-01.mp3"
"090-02","ビジネス","Regarding …","…に関して","2","Regarding the schedule, Friday works best for us.","スケジュールについては、金曜日が当社には最も都合がよいです。","chunk-audio/090-02.mp3"
"090-03","ビジネス","Regarding …","…に関して","3","Regarding the budget, we need further approval.","予算については、さらに承認が必要です。","chunk-audio/090-03.mp3"
"091-01","ビジネス","With regard to …","…につきまして","1","With regard to the contract, we have one question.","契約に関して、一点質問があります。","chunk-audio/091-01.mp3"
"091-02","ビジネス","With regard to …","…につきまして","2","With regard to your request, we can help.","ご依頼に関しては、対応可能です。","chunk-audio/091-02.mp3"
"091-03","ビジネス","With regard to …","…につきまして","3","With regard to the delay, we apologize for the inconvenience.","遅延に関して、ご不便をおかけして申し訳ございません。","chunk-audio/091-03.mp3"
"092-01","ビジネス","According to …","…によると","1","According to the schedule, we are on track.","スケジュールによると、予定どおり進んでいます。","chunk-audio/092-01.mp3"
"092-02","ビジネス","According to …","…によると","2","According to the report, sales increased this month.","報告書によると、今月は売上が増加しました。","chunk-audio/092-02.mp3"
"092-03","ビジネス","According to …","…によると","3","According to our records, the payment was received.","当社の記録によると、お支払いを受領しています。","chunk-audio/092-03.mp3"
"093-01","ビジネス","Based on …","…に基づくと","1","Based on the feedback, we made several changes.","フィードバックに基づき、いくつか変更しました。","chunk-audio/093-01.mp3"
"093-02","ビジネス","Based on …","…に基づくと","2","Based on the data, this option seems best.","データに基づくと、この案が最善のようです。","chunk-audio/093-02.mp3"
"093-03","ビジネス","Based on …","…に基づくと","3","Based on our discussion, I’ll prepare a draft.","話し合いに基づき、私が草案を作成します。","chunk-audio/093-03.mp3"
"094-01","ビジネス","From my perspective, …","私の観点では…","1","From my perspective, the timeline is too tight.","私の見方では、スケジュールが厳しすぎます。","chunk-audio/094-01.mp3"
"094-02","ビジネス","From my perspective, …","私の観点では…","2","From my perspective, this is the simplest solution.","私の見方では、これが最も簡単な解決策です。","chunk-audio/094-02.mp3"
"094-03","ビジネス","From my perspective, …","私の観点では…","3","From my perspective, customer feedback is especially important.","私の見方では、お客様のフィードバックが特に重要です。","chunk-audio/094-03.mp3"
"095-01","ビジネス","I understand that …","…と理解しています","1","I understand that the deadline has changed.","締め切りが変更されたと理解しています。","chunk-audio/095-01.mp3"
"095-02","ビジネス","I understand that …","…と理解しています","2","I understand that you need more time.","さらに時間が必要だと理解しています。","chunk-audio/095-02.mp3"
"095-03","ビジネス","I understand that …","…と理解しています","3","I understand that this is a high priority.","これは優先度が高いと理解しています。","chunk-audio/095-03.mp3"
"096-01","ビジネス","I agree that …","…に同意します","1","I agree that we need a clearer plan.","より明確な計画が必要だという点に同意します。","chunk-audio/096-01.mp3"
"096-02","ビジネス","I agree that …","…に同意します","2","I agree that quality should come first.","品質を最優先すべきだという点に同意します。","chunk-audio/096-02.mp3"
"096-03","ビジネス","I agree that …","…に同意します","3","I agree that this is a risk we should address.","これは対処すべきリスクだという点に同意します。","chunk-audio/096-03.mp3"
"097-01","ビジネス","I’m afraid that …","申し上げにくいのですが…","1","I’m afraid that we cannot meet the original deadline.","申し訳ありませんが、当初の締め切りには間に合いません。","chunk-audio/097-01.mp3"
"097-02","ビジネス","I’m afraid that …","申し上げにくいのですが…","2","I’m afraid that the item is currently unavailable.","申し訳ありませんが、その商品は現在ご用意できません。","chunk-audio/097-02.mp3"
"097-03","ビジネス","I’m afraid that …","申し上げにくいのですが…","3","I’m afraid that the meeting has been canceled.","申し訳ありませんが、会議は中止になりました。","chunk-audio/097-03.mp3"
"098-01","ビジネス","Unfortunately, …","あいにく…","1","Unfortunately, we need to postpone the launch.","残念ながら、リリースを延期する必要があります。","chunk-audio/098-01.mp3"
"098-02","ビジネス","Unfortunately, …","あいにく…","2","Unfortunately, I’m not available on Thursday.","残念ながら、木曜日は都合がつきません。","chunk-audio/098-02.mp3"
"098-03","ビジネス","Unfortunately, …","あいにく…","3","Unfortunately, the issue is still unresolved.","残念ながら、問題はまだ解決していません。","chunk-audio/098-03.mp3"
"099-01","ビジネス","There seems to be an issue with …","…に問題があるようです","1","There seems to be an issue with the payment system.","決済システムに問題があるようです。","chunk-audio/099-01.mp3"
"099-02","ビジネス","There seems to be an issue with …","…に問題があるようです","2","There seems to be an issue with the attached file.","添付ファイルに問題があるようです。","chunk-audio/099-02.mp3"
"099-03","ビジネス","There seems to be an issue with …","…に問題があるようです","3","There seems to be an issue with the delivery address.","配送先住所に問題があるようです。","chunk-audio/099-03.mp3"
"100-01","ビジネス","We need to address …","…に対処する必要があります","1","We need to address this issue as soon as possible.","この問題にできるだけ早く対処する必要があります。","chunk-audio/100-01.mp3"
"100-02","ビジネス","We need to address …","…に対処する必要があります","2","We need to address the customer’s concerns.","お客様の懸念に対応する必要があります。","chunk-audio/100-02.mp3"
"100-03","ビジネス","We need to address …","…に対処する必要があります","3","We need to address the delay before it gets worse.","事態が悪化する前に遅延に対処する必要があります。","chunk-audio/100-03.mp3"
"101-01","ビジネス","The deadline is …","締切は…です","1","The deadline is Friday at noon.","締め切りは金曜日の正午です。","chunk-audio/101-01.mp3"
"101-02","ビジネス","The deadline is …","締切は…です","2","The deadline is approaching, so we should start now.","締め切りが近づいているので、今すぐ始めるべきです。","chunk-audio/101-02.mp3"
"101-03","ビジネス","The deadline is …","締切は…です","3","The deadline is flexible, but earlier is better.","締め切りは調整可能ですが、早いほうが望ましいです。","chunk-audio/101-03.mp3"
"102-01","ビジネス","We’re on track to …","…に向けて順調です","1","We’re on track to finish by the end of the month.","月末までに完了する予定どおりの進捗です。","chunk-audio/102-01.mp3"
"102-02","ビジネス","We’re on track to …","…に向けて順調です","2","We’re on track to meet the client’s expectations.","クライアントの期待に応えられる予定どおりの進捗です。","chunk-audio/102-02.mp3"
"102-03","ビジネス","We’re on track to …","…に向けて順調です","3","We’re on track to launch as planned.","計画どおりリリースできる見込みです。","chunk-audio/102-03.mp3"
"103-01","ビジネス","We’re running behind schedule.","予定より遅れています","1","We’re running behind schedule because of the changes.","変更のため、予定より遅れています。","chunk-audio/103-01.mp3"
"103-02","ビジネス","We’re running behind schedule.","予定より遅れています","2","We’re running behind schedule, but we’re catching up.","予定より遅れていますが、遅れを取り戻しています。","chunk-audio/103-02.mp3"
"103-03","ビジネス","We’re running behind schedule.","予定より遅れています","3","We’re running behind schedule at the moment.","現在、予定より遅れています。","chunk-audio/103-03.mp3"
"104-01","ビジネス","We’re working on …","…に取り組んでいます","1","We’re working on the final design now.","現在、最終デザインに取り組んでいます。","chunk-audio/104-01.mp3"
"104-02","ビジネス","We’re working on …","…に取り組んでいます","2","We’re working on a solution to the problem.","問題の解決策に取り組んでいます。","chunk-audio/104-02.mp3"
"104-03","ビジネス","We’re working on …","…に取り組んでいます","3","We’re working on it and will update you soon.","対応中ですので、近日中にご報告します。","chunk-audio/104-03.mp3"
"105-01","ビジネス","We’re planning to …","…する予定です","1","We’re planning to launch the service in July.","7月にサービスを開始する予定です。","chunk-audio/105-01.mp3"
"105-02","ビジネス","We’re planning to …","…する予定です","2","We’re planning to hire two new members.","新たに2名採用する予定です。","chunk-audio/105-02.mp3"
"105-03","ビジネス","We’re planning to …","…する予定です","3","We’re planning to review the process next week.","来週、この手順を見直す予定です。","chunk-audio/105-03.mp3"
"106-01","ビジネス","We’re considering …","…を検討しています","1","We’re considering a few different options.","いくつかの異なる案を検討しています。","chunk-audio/106-01.mp3"
"106-02","ビジネス","We’re considering …","…を検討しています","2","We’re considering moving the event online.","イベントをオンライン開催にすることを検討しています。","chunk-audio/106-02.mp3"
"106-03","ビジネス","We’re considering …","…を検討しています","3","We’re considering your suggestion, actually.","実は、ご提案を検討しています。","chunk-audio/106-03.mp3"
"107-01","ビジネス","We’ve completed …","…を完了しました","1","We’ve completed the first phase of the project.","プロジェクトの第1段階が完了しました。","chunk-audio/107-01.mp3"
"107-02","ビジネス","We’ve completed …","…を完了しました","2","We’ve completed the review and found no issues.","確認が完了し、問題は見つかりませんでした。","chunk-audio/107-02.mp3"
"107-03","ビジネス","We’ve completed …","…を完了しました","3","We’ve completed the update as requested.","ご依頼どおり、更新が完了しました。","chunk-audio/107-03.mp3"
"108-01","ビジネス","We’re waiting for …","…を待っています","1","We’re waiting for the client’s approval.","クライアントの承認を待っています。","chunk-audio/108-01.mp3"
"108-02","ビジネス","We’re waiting for …","…を待っています","2","We’re waiting for the final numbers.","最終的な数値を待っています。","chunk-audio/108-02.mp3"
"108-03","ビジネス","We’re waiting for …","…を待っています","3","We’re waiting for one more response before deciding.","決定する前に、あと1件の回答を待っています。","chunk-audio/108-03.mp3"
"109-01","ビジネス","I’ll look into it.","調査・確認します","1","I’ll look into it and reply this afternoon.","確認して、今日の午後に回答します。","chunk-audio/109-01.mp3"
"109-02","ビジネス","I’ll look into it.","調査・確認します","2","I’ll look into it right away.","すぐに確認します。","chunk-audio/109-02.mp3"
"109-03","ビジネス","I’ll look into it.","調査・確認します","3","I’ll look into it and keep you updated.","確認して、随時進捗をお知らせします。","chunk-audio/109-03.mp3"
"110-01","ビジネス","I’ll take care of it.","私が対応します","1","I’ll take care of it before the meeting.","会議の前に対応しておきます。","chunk-audio/110-01.mp3"
"110-02","ビジネス","I’ll take care of it.","私が対応します","2","Don’t worry; I’ll take care of it.","心配しないでください。私が対応します。","chunk-audio/110-02.mp3"
"110-03","ビジネス","I’ll take care of it.","私が対応します","3","I’ll take care of it as soon as possible.","できるだけ早く対応します。","chunk-audio/110-03.mp3"
"111-01","ビジネス","I’ll keep you updated.","進捗を共有します","1","I’ll keep you updated as things progress.","進捗に合わせて随時お知らせします。","chunk-audio/111-01.mp3"
"111-02","ビジネス","I’ll keep you updated.","進捗を共有します","2","I’ll keep you updated after I speak with the team.","チームと話した後、状況をお知らせします。","chunk-audio/111-02.mp3"
"111-03","ビジネス","I’ll keep you updated.","進捗を共有します","3","I’ll keep you updated if anything changes.","何か変更があればお知らせします。","chunk-audio/111-03.mp3"
"112-01","ビジネス","I’ll get back to you by Friday.","金曜までに返信します","1","I’ll get back to you by Friday with an answer.","金曜日までに回答します。","chunk-audio/112-01.mp3"
"112-02","ビジネス","I’ll get back to you by Friday.","金曜までに返信します","2","I’ll get back to you by Friday after checking the details.","詳細を確認して、金曜日までに回答します。","chunk-audio/112-02.mp3"
"112-03","ビジネス","I’ll get back to you by Friday.","金曜までに返信します","3","I’ll get back to you by Friday, if not sooner.","遅くとも金曜日までに回答します。","chunk-audio/112-03.mp3"
"113-01","ビジネス","Let’s schedule a meeting.","会議を設定しましょう","1","Let’s schedule a meeting to discuss the next steps.","次のステップを話し合うため、会議を設定しましょう。","chunk-audio/113-01.mp3"
"113-02","ビジネス","Let’s schedule a meeting.","会議を設定しましょう","2","Let’s schedule a meeting for early next week.","来週前半に会議を設定しましょう。","chunk-audio/113-02.mp3"
"113-03","ビジネス","Let’s schedule a meeting.","会議を設定しましょう","3","Let’s schedule a meeting when everyone is available.","全員の都合がよいときに会議を設定しましょう。","chunk-audio/113-03.mp3"
"114-01","ビジネス","Does this time work for you?","この時間でご都合はいかがですか？","1","Does this time work for you, or should we change it?","この時間で大丈夫ですか、それとも変更しましょうか？","chunk-audio/114-01.mp3"
"114-02","ビジネス","Does this time work for you?","この時間でご都合はいかがですか？","2","Does this time work for you tomorrow?","明日のこの時間で大丈夫ですか？","chunk-audio/114-02.mp3"
"114-03","ビジネス","Does this time work for you?","この時間でご都合はいかがですか？","3","Does this time work for you, by the way?","ところで、この時間で大丈夫ですか？","chunk-audio/114-03.mp3"
"115-01","ビジネス","Could we reschedule …?","…を再調整できますか？","1","Could we reschedule our meeting for Thursday?","会議を木曜日に変更できますか？","chunk-audio/115-01.mp3"
"115-02","ビジネス","Could we reschedule …?","…を再調整できますか？","2","Could we reschedule the call to next week?","通話を来週に変更できますか？","chunk-audio/115-02.mp3"
"115-03","ビジネス","Could we reschedule …?","…を再調整できますか？","3","Could we reschedule if Friday is inconvenient?","金曜日が不都合なら、日程を変更できますか？","chunk-audio/115-03.mp3"
"116-01","ビジネス","Thank you for your time.","お時間をありがとうございます","1","Thank you for your time today.","本日はお時間をいただき、ありがとうございました。","chunk-audio/116-01.mp3"
"116-02","ビジネス","Thank you for your time.","お時間をありがとうございます","2","Thank you for your time and helpful feedback.","お時間と有益なご意見をありがとうございました。","chunk-audio/116-02.mp3"
"116-03","ビジネス","Thank you for your time.","お時間をありがとうございます","3","Thank you for your time; I look forward to hearing from you.","お時間をいただき、ありがとうございました。ご連絡をお待ちしております。","chunk-audio/116-03.mp3"
"117-01","ビジネス","Thank you for your patience.","お待ちいただきありがとうございます","1","Thank you for your patience while we investigate.","調査中、お待ちいただきありがとうございます。","chunk-audio/117-01.mp3"
"117-02","ビジネス","Thank you for your patience.","お待ちいただきありがとうございます","2","Thank you for your patience during this delay.","この遅延の間、お待ちいただきありがとうございます。","chunk-audio/117-02.mp3"
"117-03","ビジネス","Thank you for your patience.","お待ちいただきありがとうございます","3","Thank you for your patience; we will update you soon.","お待ちいただきありがとうございます。近日中にご報告します。","chunk-audio/117-03.mp3"
"118-01","ビジネス","Thank you for your understanding.","ご理解ありがとうございます","1","Thank you for your understanding in this matter.","この件についてご理解いただき、ありがとうございます。","chunk-audio/118-01.mp3"
"118-02","ビジネス","Thank you for your understanding.","ご理解ありがとうございます","2","Thank you for your understanding while we make changes.","変更作業中、ご理解いただきありがとうございます。","chunk-audio/118-02.mp3"
"118-03","ビジネス","Thank you for your understanding.","ご理解ありがとうございます","3","Thank you for your understanding and continued support.","ご理解と継続的なご支援に感謝いたします。","chunk-audio/118-03.mp3"
"119-01","ビジネス","I’m looking forward to working with you.","ご一緒に仕事できることを楽しみにしています","1","I’m looking forward to working with you on this project.","このプロジェクトでご一緒できることを楽しみにしています。","chunk-audio/119-01.mp3"
"119-02","ビジネス","I’m looking forward to working with you.","ご一緒に仕事できることを楽しみにしています","2","I’m looking forward to working with you in the coming months.","今後数か月、ご一緒できることを楽しみにしています。","chunk-audio/119-02.mp3"
"119-03","ビジネス","I’m looking forward to working with you.","ご一緒に仕事できることを楽しみにしています","3","I’m looking forward to working with you and your team.","あなたとチームの皆様とご一緒できることを楽しみにしています。","chunk-audio/119-03.mp3"
"120-01","ビジネス","Please don’t hesitate to contact me.","遠慮なくご連絡ください","1","Please don’t hesitate to contact me if you have questions.","ご質問があれば、どうぞ遠慮なくご連絡ください。","chunk-audio/120-01.mp3"
"120-02","ビジネス","Please don’t hesitate to contact me.","遠慮なくご連絡ください","2","Please don’t hesitate to contact me if anything is unclear.","ご不明な点があれば、どうぞ遠慮なくご連絡ください。","chunk-audio/120-02.mp3"
"120-03","ビジネス","Please don’t hesitate to contact me.","遠慮なくご連絡ください","3","Please don’t hesitate to contact me at your convenience.","ご都合のよいときに、どうぞ遠慮なくご連絡ください。","chunk-audio/120-03.mp3"
